{"cameraMode":{"drawMode":0,"name":"Shaded","section":"Shading Mode"},"sceneLighting":false,"audioPlay":false,"sceneViewState":{"m_AlwaysRefresh":false,"showFog":true,"showSkybox":false,"showFlares":true,"showImageEffects":true,"showParticleSystems":true,"showVisualEffectGraphs":true,"m_FxEnabled":true},"in2DMode":false,"pivot":{"x":0.09772419929504395,"y":-0.021185696125030519,"z":-0.03508657217025757},"rotation":{"x":-0.08381092548370362,"y":0.8473861813545227,"z":-0.5051856637001038,"w":-0.14057862758636475},"size":1.0277460813522339,"orthographic":false}