{"cameraMode":{"drawMode":0,"name":"Shaded","section":"Shading Mode"},"sceneLighting":false,"audioPlay":false,"sceneViewState":{"m_AlwaysRefresh":false,"showFog":true,"showSkybox":false,"showFlares":true,"showImageEffects":true,"showParticleSystems":true,"showVisualEffectGraphs":true,"m_FxEnabled":true},"in2DMode":false,"pivot":{"x":-0.005324602127075195,"y":0.394914448261261,"z":-0.048624396324157718},"rotation":{"x":-0.014606266282498837,"y":-0.8517876863479614,"z":0.5231851935386658,"w":-0.02375858463346958},"size":0.4729525148868561,"orthographic":false}