{"cameraMode":{"drawMode":0,"name":"Shaded","section":"Shading Mode"},"sceneLighting":false,"audioPlay":false,"sceneViewState":{"m_AlwaysRefresh":false,"showFog":true,"showSkybox":false,"showFlares":true,"showImageEffects":true,"showParticleSystems":true,"showVisualEffectGraphs":true,"m_FxEnabled":true},"in2DMode":false,"pivot":{"x":0.023800015449523927,"y":0.02414996176958084,"z":0.03880000114440918},"rotation":{"x":0.2993723452091217,"y":-0.5391225218772888,"z":0.21297872066497804,"w":0.7579188942909241},"size":0.8076044321060181,"orthographic":true}