{"cameraMode":{"drawMode":0,"name":"Shaded","section":"Shading Mode"},"sceneLighting":false,"audioPlay":false,"sceneViewState":{"m_AlwaysRefresh":false,"showFog":true,"showSkybox":false,"showFlares":true,"showImageEffects":true,"showParticleSystems":true,"showVisualEffectGraphs":true,"m_FxEnabled":true},"in2DMode":false,"pivot":{"x":0.17997322976589204,"y":0.05307484418153763,"z":-0.12206366658210755},"rotation":{"x":0.36242327094078066,"y":-0.477079838514328,"z":0.22501063346862794,"w":0.7684500217437744},"size":0.4044431447982788,"orthographic":false}